{
  "apps": [
    {
      "name": "web",
      "exec_mode": "cluster",
      "instances": "max",
      "script": "./lib/server.ts",
      "interpreter": "ts-node",
      "env": {
        "ENV": "prod",
        "AWS_RDS_HOST": "rds-mysql-10mintutorial.cdtxjhkkib1n.sa-east-1.rds.amazonaws.com",
        "AWS_RDS_PORT": 3306,
        "AWS_RDS_PASSWORD": "1212Rodrigo",
        "AWS_RDS_USERNAME": "admin",
        "AWS_RDS_DATABASE_NAME": "database",
        "AWS_S3_BUCKET_ACCESS_KEY_ID": "AKIA37RB447XVN6FHQ5O",
        "AWS_S3_BUCKET_SECRET_KEY_ID": "9xFD1hrYJsyG3DsoaP40agdqj6h0qCRJ+UEzsZOK",
        "AWS_S3_BUCKET_REGION": "sa-east-1"
      }
    }
  ]
}
